{"cameraMode":{"drawMode":0,"name":"Shaded","section":"Shading Mode"},"sceneLighting":true,"audioPlay":false,"sceneViewState":{"m_AlwaysRefresh":false,"showFog":true,"showSkybox":true,"showFlares":true,"showImageEffects":true,"showParticleSystems":true,"showVisualEffectGraphs":true,"m_FxEnabled":true},"in2DMode":false,"pivot":{"x":-1.4512252807617188,"y":-12.757728576660157,"z":20.062536239624025},"rotation":{"x":0.15676851570606233,"y":-0.15133808553218842,"z":0.024317560717463495,"w":0.9757100939750671},"size":40.94321823120117,"orthographic":false}