{"cameraMode":{"drawMode":0,"name":"Shaded","section":"Shading Mode"},"sceneLighting":true,"audioPlay":false,"sceneViewState":{"m_AlwaysRefresh":false,"showFog":true,"showSkybox":true,"showFlares":true,"showImageEffects":true,"showParticleSystems":true,"showVisualEffectGraphs":true,"m_FxEnabled":true},"in2DMode":false,"pivot":{"x":3.546863555908203,"y":4.5484619140625,"z":-12.974308013916016},"rotation":{"x":0.006785954814404249,"y":-0.9879374504089356,"z":0.14810819923877717,"w":0.045078862458467486},"size":25.687110900878908,"orthographic":true}